id,title,description,availability,condition,price,link,image_link,brand,google_product_category,product_type,visibility,status,additional_image_link
,Nocturne Op 37 No. 1 (Guitar Version),,in stock,new,$5.99,https://www.sheetmusicdirect.com/se/ID_No/1375003/Product.aspx,previews/Chopin_Nocturne_Op37_No1-preview.png,Brian Streckfus Productions,Magazines & Catalogs,Sheet Music > Guitar > TAB,published,active,
,Landslide (arr. Brian Streckfus),,in stock,new,$3.99,https://www.sheetmusicdirect.com/se/ID_No/1853288/Product.aspx,img/previews/Landslide_Fleetwood_Mac.png,Brian Streckfus Productions,Magazines & Catalogs,Sheet Music > Guitar > TAB,published,active,
,Run Rudolph Run (arr. Brian Streckfus),,in stock,new,$3.99,https://www.sheetmusicdirect.com/se/ID_No/1852711/Product.aspx,previews/Run Rudolph Run-preview.png,Brian Streckfus Productions,Magazines & Catalogs,Sheet Music > Guitar > TAB,published,active,
,Time in a Bottle (arr. Brian Streckfus),,in stock,new,$3.99,https://www.sheetmusicdirect.com/se/ID_No/1852711/Product.aspx,img/previews/Time_in_a_Bottle_Lead_sheet_with_lyrics.png,Brian Streckfus Productions,Magazines & Catalogs,Sheet Music > Guitar > TAB,published,active,
,Happy Birthday (arr. Brian Streckfus),,in stock,new,$3.99,https://www.sheetmusicdirect.com/se/ID_No/1842198/Product.aspx,img/previews/Happy_Birthday.png,Brian Streckfus Productions,Magazines & Catalogs,Sheet Music > Guitar > TAB,published,active,
,Fly Me To The Moon (arr. Brian Streckfus),,in stock,new,$3.99,https://www.sheetmusicdirect.com/se/ID_No/1834727/Product.aspx,img/previews/Fly_Me_To_The_Moon.png,Brian Streckfus Productions,Magazines & Catalogs,Sheet Music > Guitar > TAB,published,active,
,How Insensitive (arr. Brian Streckfus),,in stock,new,$3.99,https://www.sheetmusicdirect.com/se/ID_No/1812727/Product.aspx,img/previews/How_Insensitive.png,Brian Streckfus Productions,Magazines & Catalogs,Sheet Music > Guitar > TAB,published,active,
,Chord Exercises 1,,in stock,new,$3.99,https://www.sheetmusicdirect.com/se/ID_No/1809229/Product.aspx,img/previews/Chord_Exercises_1.png,Brian Streckfus Productions,Magazines & Catalogs,Sheet Music > Guitar > TAB,published,active,
,Chord Exercises 2,,in stock,new,$3.99,https://www.sheetmusicdirect.com/se/ID_No/1809051/Product.aspx,img/previews/Chord_Exercises_2.png,Brian Streckfus Productions,Magazines & Catalogs,Sheet Music > Guitar > TAB,published,active,
,Chord Exercises 3,,in stock,new,$3.99,https://www.sheetmusicdirect.com/se/ID_No/1791448/Product.aspx,img/previews/Chord_Exercises_3.png,Brian Streckfus Productions,Magazines & Catalogs,Sheet Music > Guitar > TAB,published,active,
,You Are My Sunshine (arr. Brian Streckfus),,in stock,new,$2.99,https://www.sheetmusicdirect.com/se/ID_No/1784499/Product.aspx,img/previews/You_Are_My_Sunshine.png,Brian Streckfus Productions,Magazines & Catalogs,Sheet Music > Guitar > TAB,published,active,
,Do-Re-Mi (arr. Brian Streckfus),,in stock,new,$2.99,https://www.sheetmusicdirect.com/se/ID_No/1778969/Product.aspx,img/previews/Do_Re_Mi.png,Brian Streckfus Productions,Magazines & Catalogs,Sheet Music > Guitar > TAB,published,active,
,Katyusha (arr. Brian Streckfus),,in stock,new,$4.99,https://www.sheetmusicdirect.com/se/ID_No/1778584/Product.aspx,img/previews/Katyusha.png,Brian Streckfus Productions,Magazines & Catalogs,Sheet Music > Guitar > TAB,published,active,
,Sakura Sakura (arr. Brian Streckfus),,in stock,new,$2.99,https://www.sheetmusicdirect.com/se/ID_No/1777788/Product.aspx,img/previews/Sakura_Sakura.png,Brian Streckfus Productions,Magazines & Catalogs,Sheet Music > Guitar > TAB,published,active,
,That's All Right (arr. Brian Streckfus),,in stock,new,$4.99,https://www.sheetmusicdirect.com/se/ID_No/1762791/Product.aspx,img/previews/Thats_All_Right.png,Brian Streckfus Productions,Magazines & Catalogs,Sheet Music > Guitar > TAB,published,active,
,Prelude No. 2 (arr. Brian Streckfus),,in stock,new,$5.99,https://www.sheetmusicdirect.com/se/ID_No/1756138/Product.aspx,img/previews/Prelude_No_2.png,Brian Streckfus Productions,Magazines & Catalogs,Sheet Music > Guitar > TAB,published,active,
,Hey Ya! (arr. Brian Streckfus),,in stock,new,$3.99,https://www.sheetmusicdirect.com/se/ID_No/1755652/Product.aspx,img/previews/Hey_Ya.png,Brian Streckfus Productions,Magazines & Catalogs,Sheet Music > Guitar > TAB,published,active,
,The 7 Greek Modes (arr. Brian Streckfus),,in stock,new,$4.99,https://www.sheetmusicdirect.com/se/ID_No/1738129/Product.aspx,img/previews/7_Greek_Modes.png,Brian Streckfus Productions,Magazines & Catalogs,Sheet Music > Guitar > TAB,published,active,
,Study No. 13 - Modes of D Major (arr. Brian Streckfus),,in stock,new,Check listing,https://www.sheetmusicdirect.com/se/ID_No/1738128/Product.aspx,img/previews/Study_No_13_Modes_of_D_Major.png,Brian Streckfus Productions,Magazines & Catalogs,Sheet Music > Guitar > TAB,published,active,
,Samba Pa Ti (arr. Brian Streckfus),,in stock,new,$5.99,https://www.sheetmusicdirect.com/se/ID_No/1730446/Product.aspx,img/previews/Samba_Pa_Ti.png,Brian Streckfus Productions,Magazines & Catalogs,Sheet Music > Guitar > TAB,published,active,
,Solamente Una Vez (arr. Brian Streckfus),,in stock,new,Check listing,https://www.sheetmusicdirect.com/se/ID_No/1730445/Product.aspx,img/previews/Solamente_Una_Vez.png,Brian Streckfus Productions,Magazines & Catalogs,Sheet Music > Guitar > TAB,published,active,
,Deutschland (arr. Brian Streckfus),,in stock,new,Check listing,https://www.sheetmusicdirect.com/se/ID_No/1730167/Product.aspx,img/previews/Prelude No 2 - Brian Streckfus-preview.png,Brian Streckfus Productions,Magazines & Catalogs,Sheet Music > Guitar > TAB,published,active,
,Smells Like Teen Spirit (arr. Brian Streckfus),,in stock,new,Check listing,https://www.sheetmusicdirect.com/se/ID_No/1727232/Product.aspx,img/previews/Smells_Like_Teen_Spirit.png,Brian Streckfus Productions,Magazines & Catalogs,Sheet Music > Guitar > TAB,published,active,
,Yesterday (arr. Brian Streckfus),,in stock,new,$2.99,https://www.sheetmusicdirect.com/se/ID_No/1726705/Product.aspx,img/previews/Yesterday.png,Brian Streckfus Productions,Magazines & Catalogs,Sheet Music > Guitar > TAB,published,active,
,Chega De Saudade (arr. Brian Streckfus),,in stock,new,Check listing,https://www.sheetmusicdirect.com/se/ID_No/1717270/Product.aspx,img/previews/Chega_De_Saudade.png,Brian Streckfus Productions,Magazines & Catalogs,Sheet Music > Guitar > TAB,published,active,
,Wonderwall (arr. Brian Streckfus),,in stock,new,$4.99,https://www.sheetmusicdirect.com/se/ID_No/1707583/Product.aspx,img/previews/Wonderwall.png,Brian Streckfus Productions,Magazines & Catalogs,Sheet Music > Guitar > TAB,published,active,
,Somewhere Over the Rainbow (Ukulele) (arr. Brian Streckfus),,in stock,new,Check listing,https://www.sheetmusicdirect.com/se/ID_No/1707386/Product.aspx,img/previews/Somewhere_Over_The_Rainbow_Ukulele.png,Brian Streckfus Productions,Magazines & Catalogs,Sheet Music > Guitar > TAB,published,active,
,Say It Ain't So (arr. Brian Streckfus),,in stock,new,$3.99,https://www.sheetmusicdirect.com/se/ID_No/1703856/Product.aspx,img/previews/Say_It_Aint_So.png,Brian Streckfus Productions,Magazines & Catalogs,Sheet Music > Guitar > TAB,published,active,
,Don't Speak (arr. Brian Streckfus),,in stock,new,$3.99,https://www.sheetmusicdirect.com/se/ID_No/1703491/Product.aspx,img/previews/Dont_Speak.png,Brian Streckfus Productions,Magazines & Catalogs,Sheet Music > Guitar > TAB,published,active,
,When Johnny Comes Marching Home (arr. Brian Streckfus),,in stock,new,$2.99,https://www.sheetmusicdirect.com/se/ID_No/1699858/Product.aspx,img/previews/When_Johnny_Comes_Marching_Home.png,Brian Streckfus Productions,Magazines & Catalogs,Sheet Music > Guitar > TAB,published,active,
,Composing Melodies (arr. Brian Streckfus),,in stock,new,$4.99,https://www.sheetmusicdirect.com/se/ID_No/1699376/Product.aspx,img/previews/Composing_Melodies.png,Brian Streckfus Productions,Magazines & Catalogs,Sheet Music > Guitar > TAB,published,active,
,The 59th Street Bridge Song (Feelin' Groovy) (arr. Brian Streckfus),,in stock,new,$2.99,https://www.sheetmusicdirect.com/se/ID_No/1695046/Product.aspx,img/previews/59th_Street_Bridge_Song.png,Brian Streckfus Productions,Magazines & Catalogs,Sheet Music > Guitar > TAB,published,active,
,Chopin and Schumann Homage (arr. Brian Streckfus),,in stock,new,$5.99,https://www.sheetmusicdirect.com/se/ID_No/1690446/Product.aspx,img/previews/Chopin_And_Schumann_Homage.png,Brian Streckfus Productions,Magazines & Catalogs,Sheet Music > Guitar > TAB,published,active,
,Nature Boy (arr. Brian Streckfus),,in stock,new,$3.99,https://www.sheetmusicdirect.com/se/ID_No/1680391/Product.aspx,img/previews/Nature_Boy.png,Brian Streckfus Productions,Magazines & Catalogs,Sheet Music > Guitar > TAB,published,active,
,Let Her Go (arr. Brian Streckfus),,in stock,new,$4.99,https://www.sheetmusicdirect.com/se/ID_No/1672325/Product.aspx,img/previews/Let_Her_Go.png,Brian Streckfus Productions,Magazines & Catalogs,Sheet Music > Guitar > TAB,published,active,
,Happy Xmas (War Is Over) (arr. Brian Streckfus),,in stock,new,$2.99,https://www.sheetmusicdirect.com/se/ID_No/1672222/Product.aspx,img/previews/Happy_Xmas_War_Is_Over.png,Brian Streckfus Productions,Magazines & Catalogs,Sheet Music > Guitar > TAB,published,active,
,Ear Training 12 Songs (arr. Brian Streckfus),,in stock,new,$4.99,https://www.sheetmusicdirect.com/se/ID_No/1646832/Product.aspx,img/previews/Ear_Training_12_Songs.png,Brian Streckfus Productions,Magazines & Catalogs,Sheet Music > Guitar > TAB,published,active,
,Dreams (arr. Brian Streckfus),,in stock,new,$4.99,https://www.sheetmusicdirect.com/se/ID_No/1638296/Product.aspx,img/previews/Dreams.png,Brian Streckfus Productions,Magazines & Catalogs,Sheet Music > Guitar > TAB,published,active,
,A Whole New World (arr. Brian Streckfus),,in stock,new,$3.99,https://www.sheetmusicdirect.com/se/ID_No/1629463/Product.aspx,img/previews/A_Whole_New_World.png,Brian Streckfus Productions,Magazines & Catalogs,Sheet Music > Guitar > TAB,published,active,
,Scherzo and Trio (arr. Brian Streckfus),,in stock,new,$5.99,https://www.sheetmusicdirect.com/se/ID_No/1621943/Product.aspx,img/previews/Scherzo_And_Trio.png,Brian Streckfus Productions,Magazines & Catalogs,Sheet Music > Guitar > TAB,published,active,
,What's Up (arr. Brian Streckfus),,in stock,new,$2.99,https://www.sheetmusicdirect.com/se/ID_No/1618031/Product.aspx,img/previews/Whats_Up.png,Brian Streckfus Productions,Magazines & Catalogs,Sheet Music > Guitar > TAB,published,active,
,Tequila Sunrise (arr. Brian Streckfus),,in stock,new,$4.99,https://www.sheetmusicdirect.com/se/ID_No/1593493/Product.aspx,img/previews/Tequila_Sunrise.png,Brian Streckfus Productions,Magazines & Catalogs,Sheet Music > Guitar > TAB,published,active,
,Chord Progression Generators (arr. Brian Streckfus),,in stock,new,Check listing,https://www.sheetmusicdirect.com/se/ID_No/1593160/Product.aspx,img/previews/Chord_Progression_Generators.png,Brian Streckfus Productions,Magazines & Catalogs,Sheet Music > Guitar > TAB,published,active,
,Everlong (arr. Brian Streckfus),,in stock,new,$2.99,https://www.sheetmusicdirect.com/se/ID_No/1591054/Product.aspx,img/previews/Everlong.png,Brian Streckfus Productions,Magazines & Catalogs,Sheet Music > Guitar > TAB,published,active,
,The Night We Met (arr. Brian Streckfus),,in stock,new,$2.99,https://www.sheetmusicdirect.com/se/ID_No/1590989/Product.aspx,img/previews/The_Night_We_Met.png,Brian Streckfus Productions,Magazines & Catalogs,Sheet Music > Guitar > TAB,published,active,
,Waltz No. 2 Op. 34 (Guitar) (arr. Brian Streckfus),,in stock,new,$5.99,https://www.sheetmusicdirect.com/se/ID_No/190349/Product.aspx,img/previews/Waltz_No_2_Op_34.png,Brian Streckfus Productions,Magazines & Catalogs,Sheet Music > Guitar > TAB,published,active,
,Waltz No. 1 Op. 57 (Guitar) (arr. Brian Streckfus),,in stock,new,Check listing,https://www.sheetmusicdirect.com/se/ID_No/1571443/Product.aspx,img/previews/Waltz_No_1_Op_57.png,Brian Streckfus Productions,Magazines & Catalogs,Sheet Music > Guitar > TAB,published,active,
,Mr. Dowland's Midnight (arr. Brian Streckfus),,in stock,new,$4.99,https://www.sheetmusicdirect.com/se/ID_No/1569428/Product.aspx,img/previews/Mr_Dowlands_Midnight.png,Brian Streckfus Productions,Magazines & Catalogs,Sheet Music > Guitar > TAB,published,active,
,Moosehead Lake (arr. Brian Streckfus),,in stock,new,$2.99,https://www.sheetmusicdirect.com/se/ID_No/1565246/Product.aspx,img/previews/Moosehead_Lake.png,Brian Streckfus Productions,Magazines & Catalogs,Sheet Music > Guitar > TAB,published,active,
,The North Wind Doth Blow (arr. Brian Streckfus),,in stock,new,$4.99,https://www.sheetmusicdirect.com/se/ID_No/1564393/Product.aspx,img/previews/The_North_Wind_Doth_Blow.png,Brian Streckfus Productions,Magazines & Catalogs,Sheet Music > Guitar > TAB,published,active,
,Dust in the Wind (arr. Brian Streckfus),,in stock,new,$2.99,https://www.sheetmusicdirect.com/se/ID_No/1561009/Product.aspx,img/previews/Dust_In_The_Wind.png,Brian Streckfus Productions,Magazines & Catalogs,Sheet Music > Guitar > TAB,published,active,
,Please Please Me (arr. Brian Streckfus),,in stock,new,$2.99,https://www.sheetmusicdirect.com/se/ID_No/1556995/Product.aspx,img/previews/Please_Please_Me.png,Brian Streckfus Productions,Magazines & Catalogs,Sheet Music > Guitar > TAB,published,active,
,Teardrops On My Guitar (arr. Brian Streckfus),,in stock,new,$2.99,https://www.sheetmusicdirect.com/se/ID_No/1560655/Product.aspx,img/previews/Teardrops_On_My_Guitar.png,Brian Streckfus Productions,Magazines & Catalogs,Sheet Music > Guitar > TAB,published,active,
,Now and Then (arr. Brian Streckfus),,in stock,new,$3.99,https://www.sheetmusicdirect.com/se/ID_No/1549974/Product.aspx,img/previews/Now_And_Then.png,Brian Streckfus Productions,Magazines & Catalogs,Sheet Music > Guitar > TAB,published,active,
,5 Common Chords (arr. Brian Streckfus),,in stock,new,Check listing,https://www.sheetmusicdirect.com/se/ID_No/1469051/Product.aspx,img/previews/5_Common_Chords.png,Brian Streckfus Productions,Magazines & Catalogs,Sheet Music > Guitar > TAB,published,active,
,Both Sides Now (arr. Brian Streckfus),,in stock,new,$2.99,https://www.sheetmusicdirect.com/se/ID_No/1460880/Product.aspx,img/previews/Both_Sides_Now.png,Brian Streckfus Productions,Magazines & Catalogs,Sheet Music > Guitar > TAB,published,active,
,Off Kilter Grit 120 BPM A minor,,in stock,new,$1.99,,,Brian Streckfus Productions,Magazines & Catalogs,Sheet Music > Guitar > TAB,published,active,
,A Harmonic Minor Chord Progression Generator for Guitar (small chords),,in stock,new,$4.99,,img/previews/All Chord Progression Generators-preview.png,Brian Streckfus Productions,Magazines & Catalogs,Sheet Music > Guitar > TAB,published,active,
,Inactive *** Harmonic Minor Chord Progression Generator for Guitar,,in stock,new,$5.99,,img/previews/All Chord Progression Generators (1)-preview.png,Brian Streckfus Productions,Magazines & Catalogs,Sheet Music > Guitar > TAB,published,active,
,Study No. 2 D Dorian Mode,,in stock,new,$4.99,,img/previews/D_Dorian_1_Just_Melody_Version_2-preview.png,Brian Streckfus Productions,Magazines & Catalogs,Sheet Music > Guitar > TAB,published,active,
,Eyes Open,,in stock,new,$2.99,,img/previews/Eyes Open MASTER 4.1-preview.png,Brian Streckfus Productions,Magazines & Catalogs,Sheet Music > Guitar > TAB,published,active,
,D Egyptian Etude,,in stock,new,$5.99,,img/previews/Study - Dynamics - Brian Streckfus-preview.png,Brian Streckfus Productions,Magazines & Catalogs,Sheet Music > Guitar > TAB,published,active,
,Lost Boy,,in stock,new,$2.99,,img/previews/Lost_Boy_4_3_23-preview.png,Brian Streckfus Productions,Magazines & Catalogs,Sheet Music > Guitar > TAB,published,active,
,Study No. 6 & No. 7 - Major and Minor Modes,,in stock,new,$4.99,,img/previews/Study_No_6_+_7_-_Streckfus-preview.png,Brian Streckfus Productions,Magazines & Catalogs,Sheet Music > Guitar > TAB,published,active,
,Cancion del Emperador,,in stock,new,$5.99,,img/previews/Cancion del Emperador Best 4.0-preview.png,Brian Streckfus Productions,Magazines & Catalogs,Sheet Music > Guitar > TAB,published,active,
,Jingle Bells,,in stock,new,$2.99,,img/previews/Jingle Bells 11 Combine Master 11-1-24-preview.png,Brian Streckfus Productions,Magazines & Catalogs,Sheet Music > Guitar > TAB,published,active,
,"My Heart Will Go On (Love theme from ""Titanic"")",,in stock,new,$2.99,,img/previews/My Heart will Go On 4.0 - Full Score-preview.png,Brian Streckfus Productions,Magazines & Catalogs,Sheet Music > Guitar > TAB,published,active,
,We Three Kings,,in stock,new,$2.99,,img/previews/We Three Kings 6.1 Lyrics - Full Score-preview.png,Brian Streckfus Productions,Magazines & Catalogs,Sheet Music > Guitar > TAB,published,active,
,The Water is Wide,,in stock,new,$2.99,,img/previews/The Water is Wide 7 - Full Score-preview.png,Brian Streckfus Productions,Magazines & Catalogs,Sheet Music > Guitar > TAB,published,active,
,The First Noel,,in stock,new,$4.99,,img/previews/The First Noel 6 - Full Score-preview.png,Brian Streckfus Productions,Magazines & Catalogs,Sheet Music > Guitar > TAB,published,active,
,Oh Shenandoah,,in stock,new,$2.99,,img/previews/Shenadoah_8-preview.png,Brian Streckfus Productions,Magazines & Catalogs,Sheet Music > Guitar > TAB,published,active,
,Californication,,in stock,new,$2.99,,img/previews/Californication Combination Version 2-preview.png,Brian Streckfus Productions,Magazines & Catalogs,Sheet Music > Guitar > TAB,published,active,
,Scarborough Fair,,in stock,new,$2.99,,img/previews/Scarborough Fair 8-preview.png,Brian Streckfus Productions,Magazines & Catalogs,Sheet Music > Guitar > TAB,published,active,
,When The Saints Go Marching In,,in stock,new,$2.99,,img/previews/Saints Go Marching In 6 - Full Score-preview.png,Brian Streckfus Productions,Magazines & Catalogs,Sheet Music > Guitar > TAB,published,active,
,Red River Valley,,in stock,new,$2.99,,img/previews/Red River Valley 6-preview.png,Brian Streckfus Productions,Magazines & Catalogs,Sheet Music > Guitar > TAB,published,active,
,"In the Hall of the Mountain King EXCERPT from ""Peer Gynt"" - arranged for guitar",,in stock,new,$4.99,,img/previews/Mountain_King_6-preview.png,Brian Streckfus Productions,Magazines & Catalogs,Sheet Music > Guitar > TAB,published,active,
,Go Rest Ye Marry Gentleman,,in stock,new,$4.99,,img/previews/Merry Gentlemen 7-preview.png,Brian Streckfus Productions,Magazines & Catalogs,Sheet Music > Guitar > TAB,published,active,
,House of The Rising Sun,,in stock,new,$2.99,,img/previews/House of the Rising Sun 01_16_24-preview.png,Brian Streckfus Productions,Magazines & Catalogs,Sheet Music > Guitar > TAB,published,active,
,Frere Jacques,,in stock,new,$2.99,,img/previews/Frere Jacques 7-preview.png,Brian Streckfus Productions,Magazines & Catalogs,Sheet Music > Guitar > TAB,published,active,
,Freight Train,,in stock,new,$4.99,,img/previews/Freight Train 8-preview.png,Brian Streckfus Productions,Magazines & Catalogs,Sheet Music > Guitar > TAB,published,active,
,Eine Kleine Nachtmusik K. 525 (a Little Light Music,,in stock,new,$4.99,,img/previews/Eine Kleine Nachtmusik 5 - Full Score-preview.png,Brian Streckfus Productions,Magazines & Catalogs,Sheet Music > Guitar > TAB,published,active,
,Down in the Valley,,in stock,new,$2.99,,img/previews/Down in the Valley 6 - Full Score-preview.png,Brian Streckfus Productions,Magazines & Catalogs,Sheet Music > Guitar > TAB,published,active,
,Deep River,,in stock,new,$4.99,,img/previews/Deep River 8-preview.png,Brian Streckfus Productions,Magazines & Catalogs,Sheet Music > Guitar > TAB,published,active,
,Danny Boy (Tablature + Sheet Music),,in stock,new,$2.99,,img/previews/Danny Boy 12 Combination-preview.png,Brian Streckfus Productions,Magazines & Catalogs,Sheet Music > Guitar > TAB,published,active,
,By The Waters of Babylon,,in stock,new,$4.99,,img/previews/By the Waters of Babylon 7 copy 2 - Full Score-preview.png,Brian Streckfus Productions,Magazines & Catalogs,Sheet Music > Guitar > TAB,published,active,
,Battle Hymn,,in stock,new,$4.99,,img/previews/Battle Hymn 8 - Full Score-preview.png,Brian Streckfus Productions,Magazines & Catalogs,Sheet Music > Guitar > TAB,published,active,
,Minuet BWV 114,,in stock,new,$4.99,,img/previews/Bach_Minuet_8-preview.png,Brian Streckfus Productions,Magazines & Catalogs,Sheet Music > Guitar > TAB,published,active,
,"Jesu, Joy of Man's Desiring",,in stock,new,$4.99,,"img/previews/Bach Jesu, Joy of Man's Desiring 7 Sib - Full Score-preview.png",Brian Streckfus Productions,Magazines & Catalogs,Sheet Music > Guitar > TAB,published,active,
,1812 Overture,,in stock,new,$4.99,,img/previews/1812 Overture 6 - Full Score-preview.png,Brian Streckfus Productions,Magazines & Catalogs,Sheet Music > Guitar > TAB,published,active,
,Amazing Grace,,in stock,new,$2.99,,img/previews/Amazing Grace 9.2-preview.png,Brian Streckfus Productions,Magazines & Catalogs,Sheet Music > Guitar > TAB,published,active,
,Guitar Chord Exercises - Iterating Chords,,in stock,new,$4.99,,img/previews/23_Left_Hand_Exercises_for_Guitar-preview.png,Brian Streckfus Productions,Magazines & Catalogs,Sheet Music > Guitar > TAB,published,active,
,Movable Guitar Chords,,in stock,new,$1.99,,,Brian Streckfus Productions,Magazines & Catalogs,Sheet Music > Guitar > TAB,published,active,
,Ave Maria Chant,,in stock,new,$3.99,https://www.sheetmusicdirect.com/se/ID_No/1373567/Product.aspx,img/previews/Ave Maria TAB-preview.png,Brian Streckfus Productions,Magazines & Catalogs,Sheet Music > Guitar > TAB,published,active,
,Strawberry Fields Forever,,in stock,new,$3.99,https://www.sheetmusicdirect.com/se/ID_No/1373565/Product.aspx,img/previews/Strawberry Fields Forever 4 - Full Score 2024-07-04-preview.png,Brian Streckfus Productions,Magazines & Catalogs,Sheet Music > Guitar > TAB,published,active,
,True Blue Bossa,,in stock,new,$3.99,https://www.sheetmusicdirect.com/se/ID_No/1373452/Product.aspx,img/previews/Blue_bossa_4_pianobass_Combine08-03-preview.png,Brian Streckfus Productions,Magazines & Catalogs,Sheet Music > Guitar > TAB,published,active,
,Tango,,in stock,new,$3.99,https://www.sheetmusicdirect.com/se/ID_No/1373084/Product.aspx,img/previews/Tango_-_Traditionnel_paraguayen_-_Tablature fingerings - Full Score-preview.png,Brian Streckfus Productions,Magazines & Catalogs,Sheet Music > Guitar > TAB,published,active,
,Somewhere Over The Rainbow,,in stock,new,$3.99,https://www.sheetmusicdirect.com/se/ID_No/1372857/Product.aspx,img/previews/Somewhere_Over_The_Rainbow_Ukulele.png,Brian Streckfus Productions,Magazines & Catalogs,Sheet Music > Guitar > TAB,published,active,
,Swan Lake,,in stock,new,$3.99,https://www.sheetmusicdirect.com/se/ID_No/1371831/Product.aspx,img/previews/Kuu_Gl_-_Swan_Lake_Theme_For_Guitar-preview.png,Brian Streckfus Productions,Magazines & Catalogs,Sheet Music > Guitar > TAB,published,active,
,Whiskey Glasses,,in stock,new,$3.99,https://www.sheetmusicdirect.com/se/ID_No/1371830/Product.aspx,img/previews/Whiskey_Glasses_4-preview.png,Brian Streckfus Productions,Magazines & Catalogs,Sheet Music > Guitar > TAB,published,active,
,God Bless America,,in stock,new,$3.99,https://www.sheetmusicdirect.com/se/ID_No/1371717/Product.aspx,img/previews/God_Bless_America_2-preview.png,Brian Streckfus Productions,Magazines & Catalogs,Sheet Music > Guitar > TAB,published,active,
,Have Yourself A Merry Little Christmas (arr. Brian Streckfus),,in stock,new,$4.99,https://www.sheetmusicdirect.com/se/ID_No/1416560/Product.aspx,previews/Have_Yourself_a_Merry_Little_Christmas_-_Lead_Sheet TAB - Full Score 12-17-23-preview.png,Brian Streckfus Productions,Magazines & Catalogs,Sheet Music > Guitar > TAB,published,active,
,It’s Beginning To Look At Lot Like Christmas,,in stock,new,$3.99,https://www.sheetmusicdirect.com/se/ID_No/1431705/Product.aspx,img/previews/Its_Beginning_To_Look_a_Lot_Like_Christmas - Full Score-preview.png,Brian Streckfus Productions,Magazines & Catalogs,Sheet Music > Guitar > TAB,published,active,
,Carol Of The Bells,,in stock,new,$3.99,https://www.sheetmusicdirect.com/se/ID_No/1431680/Product.aspx,img/previews/Carol_of_the_Bells_1 - Full Score-preview.png,Brian Streckfus Productions,Magazines & Catalogs,Sheet Music > Guitar > TAB,published,active,
,Ode To Joy,,in stock,new,$3.99,https://www.sheetmusicdirect.com/se/ID_No/1368483/Product.aspx,img/previews/Larger Ode to Joy - Freude_schner_Gtterfunken__Ode_an_die_Freude_Ode_to_Joy copy 2 - Full Score-preview.png,Brian Streckfus Productions,Magazines & Catalogs,Sheet Music > Guitar > TAB,published,active,
,All Along The Watchtower,,in stock,new,$3.99,https://www.sheetmusicdirect.com/se/ID_No/1351677/Product.aspx,img/previews/ALL_ALONG_THE_WATCHTOWER-preview.png,Brian Streckfus Productions,Magazines & Catalogs,Sheet Music > Guitar > TAB,published,active,
,Etude no 7 Op. 60,,in stock,new,$3.99,https://www.sheetmusicdirect.com/se/ID_No/1292144/Product.aspx,img/previews/Waltz_No_1_Op_57.png,Brian Streckfus Productions,Magazines & Catalogs,Sheet Music > Guitar > TAB,published,active,
,Etude no 3 Op. 60,,in stock,new,$3.99,https://www.sheetmusicdirect.com/se/ID_No/1292098/Product.aspx,img/previews/Waltz_No_1_Op_57.png,Brian Streckfus Productions,Magazines & Catalogs,Sheet Music > Guitar > TAB,published,active,
,Etude no 2 Op. 69,,in stock,new,$3.99,https://www.sheetmusicdirect.com/se/ID_No/1292088/Product.aspx,img/previews/Waltz_No_1_Op_57.png,Brian Streckfus Productions,Magazines & Catalogs,Sheet Music > Guitar > TAB,published,active,
,Etude no 1 Op. 60,,in stock,new,$3.99,https://www.sheetmusicdirect.com/se/ID_No/1291605/Product.aspx,img/previews/Waltz_No_1_Op_57.png,Brian Streckfus Productions,Magazines & Catalogs,Sheet Music > Guitar > TAB,published,active,
,Cello Suite no 3 mvt 1,,in stock,new,$5.99,https://www.sheetmusicdirect.com/se/ID_No/1291604/Product.aspx,img/previews/Waltz_No_1_Op_57.png,Brian Streckfus Productions,Magazines & Catalogs,Sheet Music > Guitar > TAB,published,active,
,Cello Suite no 3 Bourree 2,,in stock,new,$5.99,https://www.sheetmusicdirect.com/se/ID_No/1291522/Product.aspx,img/previews/Prelude_No_2.png,Brian Streckfus Productions,Magazines & Catalogs,Sheet Music > Guitar > TAB,published,active,
,Cello Suite no 3 Bourree 1,,in stock,new,$5.99,https://www.sheetmusicdirect.com/se/ID_No/1291521/Product.aspx,img/previews/Waltz_No_1_Op_57.png,Brian Streckfus Productions,Magazines & Catalogs,Sheet Music > Guitar > TAB,published,active,
,Cello Suite 3 mvt ll Allemande,,in stock,new,$1.99,https://www.sheetmusicdirect.com/se/ID_No/1291519/Product.aspx,,Brian Streckfus Productions,Magazines & Catalogs,Sheet Music > Guitar > TAB,published,active,
,Cello Suite no 3 mvt lll Courante,,in stock,new,$1.99,https://www.sheetmusicdirect.com/se/ID_No/1291517/Product.aspx,,Brian Streckfus Productions,Magazines & Catalogs,Sheet Music > Guitar > TAB,published,active,
,Tarantello Napoletana,,in stock,new,$3.99,https://www.sheetmusicdirect.com/se/ID_No/1290835/Product.aspx,img/previews/Tarantella 1-preview.png,Brian Streckfus Productions,Magazines & Catalogs,Sheet Music > Guitar > TAB,published,active,
,Oh Shenandoah,,in stock,new,$3.99,https://www.sheetmusicdirect.com/se/ID_No/1290007/Product.aspx,img/previews/Shenadoah_8-preview.png,Brian Streckfus Productions,Magazines & Catalogs,Sheet Music > Guitar > TAB,published,active,
,Love Me Do,,in stock,new,$3.99,https://www.sheetmusicdirect.com/se/ID_No/1289918/Product.aspx,img/previews/Love Me Do - The Beatles - Full Score-preview.png,Brian Streckfus Productions,Magazines & Catalogs,Sheet Music > Guitar > TAB,published,active,
,Rhythm Packet 6 Pages,,in stock,new,$3.99,https://www.sheetmusicdirect.com/se/ID_No/1289894/Product.aspx,img/previews/Rhythm Packet 6 Pages-preview.png,Brian Streckfus Productions,Magazines & Catalogs,Sheet Music > Guitar > TAB,published,active,
,7 Summers,,in stock,new,$3.99,https://www.sheetmusicdirect.com/se/ID_No/1284595/Product.aspx,img/previews/7 Summers PDF copy - Full Score-preview.png,Brian Streckfus Productions,Magazines & Catalogs,Sheet Music > Guitar > TAB,published,active,
,Swing Low Sweet Chariot,,in stock,new,$3.99,https://www.sheetmusicdirect.com/se/ID_No/1283410/Product.aspx,img/previews/Sweet_Chariot_1-preview.png,Brian Streckfus Productions,Magazines & Catalogs,Sheet Music > Guitar > TAB,published,active,
,Aria Excerpt From Goldberg Variations,,in stock,new,$3.99,https://www.sheetmusicdirect.com/se/ID_No/1280941/Product.aspx,img/previews/Bach_Goldberg_Aria_Solo_3_Sections-preview.png,Brian Streckfus Productions,Magazines & Catalogs,Sheet Music > Guitar > TAB,published,active,
,Nocturne Op. 9 no 1,,in stock,new,$5.99,https://www.sheetmusicdirect.com/se/ID_No/1280908/Product.aspx,img/previews/Waltz_No_1_Op_57.png,Brian Streckfus Productions,Magazines & Catalogs,Sheet Music > Guitar > TAB,published,active,
,Nocturne Op. 48 no 1,,in stock,new,$5.99,https://www.sheetmusicdirect.com/se/ID_No/1277295/Product.aspx,img/previews/Waltz_No_1_Op_57.png,Brian Streckfus Productions,Magazines & Catalogs,Sheet Music > Guitar > TAB,published,active,
,5 Scale Forms For Guitar,,in stock,new,$3.99,https://www.sheetmusicdirect.com/se/ID_No/1273053/Product.aspx,,Brian Streckfus Productions,Magazines & Catalogs,Sheet Music > Guitar > TAB,published,active,
,Waltz Op. 69 No. 9 2.,,in stock,new,$3.99,https://www.sheetmusicdirect.com/se/ID_No/1273007/Product.aspx,img/previews/Waltz_No_1_Op_57.png,Brian Streckfus Productions,Magazines & Catalogs,Sheet Music > Guitar > TAB,published,active,
,Fox NFL Theme,,in stock,new,$3.99,https://www.sheetmusicdirect.com/se/ID_No/1271564/Product.aspx,img/previews/NFL_Fox_theme_D_minor-preview.png,Brian Streckfus Productions,Magazines & Catalogs,Sheet Music > Guitar > TAB,published,active,
,Triad Chord Worksheet,,in stock,new,$3.99,https://www.sheetmusicdirect.com/se/ID_No/1270919/Product.aspx,,Brian Streckfus Productions,Magazines & Catalogs,Sheet Music > Guitar > TAB,published,active,
,Drowsy Maggie,,in stock,new,$3.99,https://www.sheetmusicdirect.com/se/ID_No/1270919/Product.aspx,img/previews/Drowsy_Maggie_Guitar_7-preview.png,Brian Streckfus Productions,Magazines & Catalogs,Sheet Music > Guitar > TAB,published,active,
,The Entertainer,,in stock,new,$3.99,https://www.sheetmusicdirect.com/se/ID_No/1270919/Product.aspx,img/previews/Entertainer_6-preview.png,Brian Streckfus Productions,Magazines & Catalogs,Sheet Music > Guitar > TAB,published,active,
,Star Spangled Banner,,in stock,new,$3.99,https://www.sheetmusicdirect.com/se/ID_No/1270919/Product.aspx,img/previews/Star Spangled Banner Sib 8 Combination-preview.png,Brian Streckfus Productions,Magazines & Catalogs,Sheet Music > Guitar > TAB,published,active,
,My Old Kentucky Home,,in stock,new,$3.99,https://www.sheetmusicdirect.com/se/ID_No/1264154/Product.aspx,img/previews/My Old Kentucky Home - Steven Foster - Brian Streckfus - 3_28_25-preview.png,Brian Streckfus Productions,Magazines & Catalogs,Sheet Music > Guitar > TAB,published,active,
,Prelude no 1 Exceptions,,in stock,new,$5.99,https://www.sheetmusicdirect.com/se/ID_No/1262867/Product.aspx,img/previews/Waltz_No_1_Op_57.png,Brian Streckfus Productions,Magazines & Catalogs,Sheet Music > Guitar > TAB,published,active,
,La Cancion Del Emperador,,in stock,new,$3.99,https://www.sheetmusicdirect.com/se/ID_No/1262285/Product.aspx,img/previews/Cancion del Emperador Best 4.0-preview.png,Brian Streckfus Productions,Magazines & Catalogs,Sheet Music > Guitar > TAB,published,active,
,Study no 12 Secondary Dominance,,in stock,new,$3.99,https://www.sheetmusicdirect.com/se/ID_No/1259404/Product.aspx,img/previews/Study_No_13_Modes_of_D_Major.png,Brian Streckfus Productions,Magazines & Catalogs,Sheet Music > Guitar > TAB,published,active,
,Study no 11: Dynamics,,in stock,new,$3.99,https://www.sheetmusicdirect.com/se/ID_No/1259388/Product.aspx,img/previews/Study_No_13_Modes_of_D_Major.png,Brian Streckfus Productions,Magazines & Catalogs,Sheet Music > Guitar > TAB,published,active,
,Study no 10: Modes Of C Major,,in stock,new,$3.99,https://www.sheetmusicdirect.com/se/ID_No/1259365/Product.aspx,img/previews/Study_No_13_Modes_of_D_Major.png,Brian Streckfus Productions,Magazines & Catalogs,Sheet Music > Guitar > TAB,published,active,
,G Major/ E Minor Irish Folk,,in stock,new,$3.99,https://www.sheetmusicdirect.com/se/ID_No/1874374/Product.aspx,,Brian Streckfus Productions,Magazines & Catalogs,Sheet Music > Guitar > TAB,published,active,
,Nocturne Op.9 No.2,,in stock,new,$5.99,https://www.sheetmusicdirect.com/se/ID_No/1874274/Product.aspx,img/previews/chopin-nocturne-op37-1-preview.png,Brian Streckfus Productions,Magazines & Catalogs,Sheet Music > Guitar > TAB,published,active,
,G Harmonic minor Backing Track – (D Jewish scale) - Indian,,in stock,new,$1.99,https://www.sheetmusicdirect.com/se/ID_No/1874269/Product.aspx,img/mp3-placeholder.png,Brian Streckfus Productions,Magazines & Catalogs,Sheet Music > Guitar > TAB,published,active,
,Last Night,,in stock,new,$3.99,https://www.sheetmusicdirect.com/se/ID_No/1863082/Product.aspx,img/previews/Last_Night_-_Morgan_Wallen-preview.png,Brian Streckfus Productions,Magazines & Catalogs,Sheet Music > Guitar > TAB,published,active,
,Yesterday Woodwind Quartet,,in stock,new,$3.99,https://www.sheetmusicdirect.com/se/ID_No/1856765/Product.aspx,img/previews/Yesterday.png,Brian Streckfus Productions,Magazines & Catalogs,Sheet Music > Guitar > TAB,published,active,
,Yesterday String Quartet,,in stock,new,$3.99,https://www.sheetmusicdirect.com/se/ID_No/1856606/Product.aspx,img/previews/Yesterday.png,Brian Streckfus Productions,Magazines & Catalogs,Sheet Music > Guitar > TAB,published,active,
,Angela’s Dance,,in stock,new,$3.99,https://www.sheetmusicdirect.com/se/ID_No/1258188/Product.aspx,img/previews/Angela's Dance - Full Score-preview.png,Brian Streckfus Productions,Magazines & Catalogs,Sheet Music > Guitar > TAB,published,active,
,Korobeiniki - Tetris Theme,,in stock,new,$3.99,https://www.sheetmusicdirect.com/se/ID_No/1258234/Product.aspx,img/previews/Korobeiniki Tetris_Theme Guitar-preview.png,Brian Streckfus Productions,Magazines & Catalogs,Sheet Music > Guitar > TAB,published,active,
,23 Left Hand Exercises For Guitar,,in stock,new,$3.99,https://www.sheetmusicdirect.com/se/ID_No/1258213/Product.aspx,img/previews/23 Left Hand Exercises for Guitar-preview.png,Brian Streckfus Productions,Magazines & Catalogs,Sheet Music > Guitar > TAB,published,active,
,Take The “A” Train,,in stock,new,$3.99,https://www.sheetmusicdirect.com/se/ID_No/1258242/Product.aspx,img/previews/Take the A Train - FULL SCORE + PARTS MASTER Rev 02_01_23-preview.png,Brian Streckfus Productions,Magazines & Catalogs,Sheet Music > Guitar > TAB,published,active,
,Auld Lang Syne,,in stock,new,$3.99,https://www.sheetmusicdirect.com/se/ID_No/1258057/Product.aspx,img/previews/Auld Lang Syne ACMPT Sib convert copy 2 - Full Score-preview.png,Brian Streckfus Productions,Magazines & Catalogs,Sheet Music > Guitar > TAB,published,active,
,Blank Bass Sheet Music,,in stock,new,$2.99,https://www.sheetmusicdirect.com/se/ID_No/1256277/Product.aspx,img/previews/Blank Guitar Sheet Music TAB Chord diagram v5-preview.png,Brian Streckfus Productions,Magazines & Catalogs,Sheet Music > Guitar > TAB,published,active,
,Blank Guitar Sheet Music,,in stock,new,$2.99,https://www.sheetmusicdirect.com/se/ID_No/1256269/Product.aspx,img/previews/Blank Guitar Sheet Music TAB Chord diagram v5-preview.png,Brian Streckfus Productions,Magazines & Catalogs,Sheet Music > Guitar > TAB,published,active,
,Gnossienne No. 3,,in stock,new,$3.99,https://www.sheetmusicdirect.com/se/ID_No/1252174/Product.aspx,img/previews/Gnossienne 1 Guitar Tab 4.0 PDF -preview.png,Brian Streckfus Productions,Magazines & Catalogs,Sheet Music > Guitar > TAB,published,active,
,Gnossienne No. 3 (tablature And Sheet Music),,in stock,new,$3.99,https://www.sheetmusicdirect.com/se/ID_No/1252173/Product.aspx,img/previews/Gnossienne_3_Combine_02_01_23-preview.png,Brian Streckfus Productions,Magazines & Catalogs,Sheet Music > Guitar > TAB,published,active,
,Gnossienne No. 1 (tablature And Sheet Music),,in stock,new,$3.99,https://www.sheetmusicdirect.com/se/ID_No/1252173/Product.aspx,img/previews/Waltz_No_1_Op_57.png,Brian Streckfus Productions,Magazines & Catalogs,Sheet Music > Guitar > TAB,published,active,
,Moonlight Sonata 1st Movement,,in stock,new,$5.99,https://www.sheetmusicdirect.com/se/ID_No/1249132/Product.aspx,img/previews/Moonlight_Sonata_sustain08-03-preview.png,Brian Streckfus Productions,Magazines & Catalogs,Sheet Music > Guitar > TAB,published,active,
,Blackbird,,in stock,new,$3.99,https://www.sheetmusicdirect.com/se/ID_No/1249129/Product.aspx,img/previews/Blackbird - Lead Sheet Version 1-preview.png,Brian Streckfus Productions,Magazines & Catalogs,Sheet Music > Guitar > TAB,published,active,
,Fur Elise,,in stock,new,$3.99,https://www.sheetmusicdirect.com/se/ID_No/1248877/Product.aspx,img/previews/Fur_Elise Guitar-preview.png,Brian Streckfus Productions,Magazines & Catalogs,Sheet Music > Guitar > TAB,published,active,
,Pavane For A Dead Princess,,in stock,new,$3.99,https://www.sheetmusicdirect.com/se/ID_No/1248423/Product.aspx,img/previews/Pavane for a Dead Princess Short copy - Full Score-preview.png,Brian Streckfus Productions,Magazines & Catalogs,Sheet Music > Guitar > TAB,published,active,
,Canon In D,,in stock,new,$3.99,https://www.sheetmusicdirect.com/se/ID_No/1248389/Product.aspx,img/previews/Canon_in_D_by_Johann_Pachelbel-preview.png,Brian Streckfus Productions,Magazines & Catalogs,Sheet Music > Guitar > TAB,published,active,
,Excerpt - Pavane For A Dead Princess,,in stock,new,$3.99,https://www.sheetmusicdirect.com/se/ID_No/1247983/Product.aspx,img/previews/Pavane for a Dead Princess Short copy - Full Score-preview.png,Brian Streckfus Productions,Magazines & Catalogs,Sheet Music > Guitar > TAB,published,active,
,"Waltz In A Minor, B.150 Op. Post",,in stock,new,$3.99,https://www.sheetmusicdirect.com/se/ID_No/1247833/Product.aspx,img/previews/Waltz_No_1_Op_57.png,Brian Streckfus Productions,Magazines & Catalogs,Sheet Music > Guitar > TAB,published,active,
,Flow My Tears,,in stock,new,$3.99,https://www.sheetmusicdirect.com/se/ID_No/1246931/Product.aspx,img/previews/Flow_My_Tears_John_Dowland_2-preview.png,Brian Streckfus Productions,Magazines & Catalogs,Sheet Music > Guitar > TAB,published,active,
,Landler no 10,,in stock,new,$3.99,https://www.sheetmusicdirect.com/se/ID_No/1246904/Product.aspx,img/previews/Giuliani Landler 10-preview.png,Brian Streckfus Productions,Magazines & Catalogs,Sheet Music > Guitar > TAB,published,active,
,It Goes Like This,,in stock,new,$3.99,https://www.sheetmusicdirect.com/se/ID_No/1244720/Product.aspx,img/previews/It Goes like this Real Key G#m copy - Full Score-preview.png,Brian Streckfus Productions,Magazines & Catalogs,Sheet Music > Guitar > TAB,published,active,
,"That’s All Right, Mama",,in stock,new,$3.99,https://www.sheetmusicdirect.com/se/ID_No/1243069/Product.aspx,img/previews/Thats_All_Right.png,Brian Streckfus Productions,Magazines & Catalogs,Sheet Music > Guitar > TAB,published,active,
,You Belong With Me,,in stock,new,$3.99,https://www.sheetmusicdirect.com/se/ID_No/1238884/Product.aspx,img/previews/You Belong With Me 04-30-24-preview.png,Brian Streckfus Productions,Magazines & Catalogs,Sheet Music > Guitar > TAB,published,active,
,A Harmonic Minor Chord Progression Generator For Guitar Jazz,,in stock,new,$3.99,https://www.sheetmusicdirect.com/se/ID_No/1235454/Product.aspx,img/previews/Chord_Progression_Generators.png,Brian Streckfus Productions,Magazines & Catalogs,Sheet Music > Guitar > TAB,published,active,
,Guitar Chord Progression Generators For Common Scales - 12 Pages,,in stock,new,$3.99,https://www.sheetmusicdirect.com/se/ID_No/1235452/Product.aspx,img/previews/Chord_Progression_Generators.png,Brian Streckfus Productions,Magazines & Catalogs,Sheet Music > Guitar > TAB,published,active,
,A Minor Chord Progression Generator Guitar 7th Jazz Chords,,in stock,new,$3.99,https://www.sheetmusicdirect.com/se/ID_No/1235451/Product.aspx,img/previews/Chord_Progression_Generators.png,Brian Streckfus Productions,Magazines & Catalogs,Sheet Music > Guitar > TAB,published,active,
,G Mixolydian Chord Progression Generator Guitar,,in stock,new,$3.99,https://www.arrangeme.com/title/739939,img/previews/Chord_Progression_Generators.png,Brian Streckfus Productions,Magazines & Catalogs,Sheet Music > Guitar > TAB,published,active,
,F Lydian Progression Generator Guitar,,in stock,new,$3.99,https://www.sheetmusicdirect.com/se/ID_No/1235449/Product.aspx,img/previews/All Chord Progression Generators (1)-preview.png,Brian Streckfus Productions,Magazines & Catalogs,Sheet Music > Guitar > TAB,published,active,
,E Phrygian Progression Generator Guitar,,in stock,new,$3.99,https://www.sheetmusicdirect.com/se/ID_No/1235447/Product.aspx,img/previews/All Chord Progression Generators (1)-preview.png,Brian Streckfus Productions,Magazines & Catalogs,Sheet Music > Guitar > TAB,published,active,
,D Dorian Chord Progression Generator Guitar,,in stock,new,$3.99,https://www.sheetmusicdirect.com/se/ID_No/1235446/Product.aspx,img/previews/Chord_Progression_Generators.png,Brian Streckfus Productions,Magazines & Catalogs,Sheet Music > Guitar > TAB,published,active,
,C Major Chord Progression Generator Guitar,,in stock,new,$3.99,https://www.sheetmusicdirect.com/se/ID_No/1235445/Product.aspx,img/previews/Chord_Progression_Generators.png,Brian Streckfus Productions,Magazines & Catalogs,Sheet Music > Guitar > TAB,published,active,
,B Locrian Chord Progression Generator Guitar,,in stock,new,$3.99,https://www.sheetmusicdirect.com/se/ID_No/1235442/Product.aspx,img/previews/Chord_Progression_Generators.png,Brian Streckfus Productions,Magazines & Catalogs,Sheet Music > Guitar > TAB,published,active,
,A Minor Chord Progression Generator For Guitar (small),,in stock,new,$3.99,https://www.sheetmusicdirect.com/se/ID_No/1235440/Product.aspx,img/previews/Chord_Progression_Generators.png,Brian Streckfus Productions,Magazines & Catalogs,Sheet Music > Guitar > TAB,published,active,
,A Minor Chord Progression Generator Guitar (large Chords),,in stock,new,$3.99,https://www.sheetmusicdirect.com/se/ID_No/1233992/Product.aspx,img/previews/Chord_Progression_Generators.png,Brian Streckfus Productions,Magazines & Catalogs,Sheet Music > Guitar > TAB,published,active,
,Off Kiltergrit 120 BPM A Minor,,in stock,new,$3.99,https://www.sheetmusicdirect.com/se/ID_No/1233991/Product.aspx,,Brian Streckfus Productions,Magazines & Catalogs,Sheet Music > Guitar > TAB,published,active,
,A Harmonic Minor Chord Progression Generator For Guitars (small Chords),,in stock,new,$3.99,https://www.sheetmusicdirect.com/se/ID_No/1233962/Product.aspx,img/previews/Chord_Progression_Generators.png,Brian Streckfus Productions,Magazines & Catalogs,Sheet Music > Guitar > TAB,published,active,
,Harmonic Minor Chord Progression Generator Guitar,,in stock,new,$3.99,https://www.sheetmusicdirect.com/se/ID_No/1233955/Product.aspx,img/previews/Chord_Progression_Generators.png,Brian Streckfus Productions,Magazines & Catalogs,Sheet Music > Guitar > TAB,published,active,
,Study no 2 D Dorian Mode,,in stock,new,$3.99,https://www.sheetmusicdirect.com/se/ID_No/1232286/Product.aspx,img/previews/D_Dorian_1_Just_Melody_Version_2-preview.png,Brian Streckfus Productions,Magazines & Catalogs,Sheet Music > Guitar > TAB,published,active,
,Eyes Open.,,in stock,new,$3.99,https://www.sheetmusicdirect.com/se/ID_No/1232160/Product.aspx,img/previews/Eyes Open MASTER 4.1-preview.png,Brian Streckfus Productions,Magazines & Catalogs,Sheet Music > Guitar > TAB,published,active,
,D Egyptian Etude,,in stock,new,$3.99,https://www.sheetmusicdirect.com/se/ID_No/1231854/Product.aspx,img/previews/Study - Dynamics - Brian Streckfus-preview.png,Brian Streckfus Productions,Magazines & Catalogs,Sheet Music > Guitar > TAB,published,active,
,Lost Boy,,in stock,new,$3.99,https://www.sheetmusicdirect.com/se/ID_No/1231459/Product.aspx,img/previews/Lost_Boy_4_3_23-preview.png,Brian Streckfus Productions,Magazines & Catalogs,Sheet Music > Guitar > TAB,published,active,
,Study no 6 & no 7 Major And Minor Modes,,in stock,new,$3.99,https://www.sheetmusicdirect.com/se/ID_No/1229627/Product.aspx,img/previews/Study_No_13_Modes_of_D_Major.png,Brian Streckfus Productions,Magazines & Catalogs,Sheet Music > Guitar > TAB,published,active,
,Cancion Del Emperador,,in stock,new,$3.99,https://www.sheetmusicdirect.com/se/ID_No/1228590/Product.aspx,img/previews/Cancion del Emperador Best 4.0-preview.png,Brian Streckfus Productions,Magazines & Catalogs,Sheet Music > Guitar > TAB,published,active,
,Jingle Bells,,in stock,new,$3.99,https://www.sheetmusicdirect.com/se/ID_No/1226807/Product.aspx,img/previews/Jingle Bells 11 Combine Master 11-1-24-preview.png,Brian Streckfus Productions,Magazines & Catalogs,Sheet Music > Guitar > TAB,published,active,
,My Heart Will Go On - Theme From Titanic,,in stock,new,$3.99,https://www.sheetmusicdirect.com/se/ID_No/1226179/Product.aspx,img/previews/Teardrops_On_My_Guitar.png,Brian Streckfus Productions,Magazines & Catalogs,Sheet Music > Guitar > TAB,published,active,
,We Three Kings,,in stock,new,$3.99,https://www.sheetmusicdirect.com/se/ID_No/1225256/Product.aspx,img/previews/We Three Kings 6.1 Lyrics - Full Score-preview.png,Brian Streckfus Productions,Magazines & Catalogs,Sheet Music > Guitar > TAB,published,active,
,The Water Is Wide,,in stock,new,$3.99,https://www.sheetmusicdirect.com/se/ID_No/1224358/Product.aspx,img/previews/The Water is Wide 7 - Full Score-preview.png,Brian Streckfus Productions,Magazines & Catalogs,Sheet Music > Guitar > TAB,published,active,
,The First Noel,,in stock,new,$3.99,https://www.sheetmusicdirect.com/se/ID_No/1224357/Product.aspx,img/previews/The First Noel 6 - Full Score-preview.png,Brian Streckfus Productions,Magazines & Catalogs,Sheet Music > Guitar > TAB,published,active,
,Californication,,in stock,new,$3.99,https://www.sheetmusicdirect.com/se/ID_No/1222141/Product.aspx,img/previews/Californication Combination Version 2-preview.png,Brian Streckfus Productions,Magazines & Catalogs,Sheet Music > Guitar > TAB,published,active,
,Scarborough Fair,,in stock,new,$3.99,https://www.sheetmusicdirect.com/se/ID_No/1222134/Product.aspx,img/previews/Scarborough Fair 8-preview.png,Brian Streckfus Productions,Magazines & Catalogs,Sheet Music > Guitar > TAB,published,active,
,When The Saints Go Marching In,,in stock,new,$3.99,https://www.sheetmusicdirect.com/se/ID_No/1222105/Product.aspx,img/previews/Dust_In_The_Wind.png,Brian Streckfus Productions,Magazines & Catalogs,Sheet Music > Guitar > TAB,published,active,
,Red River Valley,,in stock,new,$3.99,https://www.sheetmusicdirect.com/se/ID_No/1222081/Product.aspx,img/previews/Red River Valley 6-preview.png,Brian Streckfus Productions,Magazines & Catalogs,Sheet Music > Guitar > TAB,published,active,
,In The Hall Of The Mountain King Excerpt From “peer Gynt”,,in stock,new,$3.99,https://www.sheetmusicdirect.com/se/ID_No/1222016/Product.aspx,img/previews/Dust_In_The_Wind.png,Brian Streckfus Productions,Magazines & Catalogs,Sheet Music > Guitar > TAB,published,active,
,God Rest Ye Merry Gentlemen,,in stock,new,$3.99,https://www.sheetmusicdirect.com/se/ID_No/1221687/Product.aspx,img/previews/Merry Gentlemen 7-preview.png,Brian Streckfus Productions,Magazines & Catalogs,Sheet Music > Guitar > TAB,published,active,
,House Of The Rising Sun,,in stock,new,$3.99,https://www.sheetmusicdirect.com/se/ID_No/1221077/Product.aspx,img/previews/House of the Rising Sun 01_16_24-preview.png,Brian Streckfus Productions,Magazines & Catalogs,Sheet Music > Guitar > TAB,published,active,
,Frere Jacques,,in stock,new,$3.99,https://www.sheetmusicdirect.com/se/ID_No/1221075/Product.aspx,img/previews/Frere Jacques 7-preview.png,Brian Streckfus Productions,Magazines & Catalogs,Sheet Music > Guitar > TAB,published,active,
,Freight Train,,in stock,new,$3.99,https://www.sheetmusicdirect.com/se/ID_No/1221070/Product.aspx,img/previews/Freight Train 8-preview.png,Brian Streckfus Productions,Magazines & Catalogs,Sheet Music > Guitar > TAB,published,active,
,Eine Kleine Nachmusik K. 525,,in stock,new,$3.99,https://www.sheetmusicdirect.com/se/ID_No/1221066/Product.aspx,img/previews/Eine Kleine Nachtmusik 5 - Full Score-preview.png,Brian Streckfus Productions,Magazines & Catalogs,Sheet Music > Guitar > TAB,published,active,
,Down In The Valley,,in stock,new,$3.99,https://www.sheetmusicdirect.com/se/ID_No/1221059/Product.aspx,img/previews/Dust_In_The_Wind.png,Brian Streckfus Productions,Magazines & Catalogs,Sheet Music > Guitar > TAB,published,active,
,Deep River,,in stock,new,$3.99,https://www.sheetmusicdirect.com/se/ID_No/1221054/Product.aspx,img/previews/Deep River 8-preview.png,Brian Streckfus Productions,Magazines & Catalogs,Sheet Music > Guitar > TAB,published,active,
,Danny Boy (tablature And Sheet Music),,in stock,new,$3.99,https://www.sheetmusicdirect.com/se/ID_No/1220655/Product.aspx,img/previews/Danny Boy 12 Combination-preview.png,Brian Streckfus Productions,Magazines & Catalogs,Sheet Music > Guitar > TAB,published,active,
,By The Waters Of Babylon,,in stock,new,$3.99,https://www.sheetmusicdirect.com/se/ID_No/1220652/Product.aspx,img/previews/By the Waters of Babylon 7 copy 2 - Full Score-preview.png,Brian Streckfus Productions,Magazines & Catalogs,Sheet Music > Guitar > TAB,published,active,
,Battle Hymn,,in stock,new,$3.99,https://www.sheetmusicdirect.com/se/ID_No/1220642/Product.aspx,img/previews/Battle Hymn 8 - Full Score-preview.png,Brian Streckfus Productions,Magazines & Catalogs,Sheet Music > Guitar > TAB,published,active,
,Minuet BWV 114,,in stock,new,$3.99,https://www.sheetmusicdirect.com/se/ID_No/1220640/Product.aspx,img/previews/Bach_Minuet_8-preview.png,Brian Streckfus Productions,Magazines & Catalogs,Sheet Music > Guitar > TAB,published,active,
,Jesu Joy Of A Man’s Desiring,,in stock,new,$3.99,https://www.sheetmusicdirect.com/se/ID_No/1220624/Product.aspx,"img/previews/Bach Jesu, Joy of Man's Desiring 7 Sib - Full Score-preview.png",Brian Streckfus Productions,Magazines & Catalogs,Sheet Music > Guitar > TAB,published,active,
,1812 Overture,,in stock,new,$3.99,https://www.sheetmusicdirect.com/se/ID_No/1220621/Product.aspx,img/previews/1812 Overture 6 - Full Score-preview.png,Brian Streckfus Productions,Magazines & Catalogs,Sheet Music > Guitar > TAB,published,active,
,Amazing Grace,,in stock,new,$3.99,https://www.sheetmusicdirect.com/se/ID_No/1220619/Product.aspx,img/previews/Amazing Grace 9.2-preview.png,Brian Streckfus Productions,Magazines & Catalogs,Sheet Music > Guitar > TAB,published,active,
,Down By The Station,,in stock,new,$3.99,https://www.sheetmusicdirect.com/se/ID_No/1376783/Product.aspx,img/previews/Down by the Station_Student copy - Full Score-preview.png,Brian Streckfus Productions,Magazines & Catalogs,Sheet Music > Guitar > TAB,published,active,
,Reggae Island Backing Track in A minor (A Aeolian / C Ionian),,in stock,new,$1.99,https://www.sheetmusicdirect.com/se/ID_No/1910485/Product.aspx,,Brian Streckfus Productions,Magazines & Catalogs,Sheet Music > Guitar > TAB,published,active,
,Prelude I Expectations Instrumental Ambient Cinematic Music,,in stock,new,$1.99,https://www.sheetmusicdirect.com/se/ID_No/1910472/Product.aspx,img/mp3-placeholder.png,Brian Streckfus Productions,Magazines & Catalogs,Sheet Music > Guitar > TAB,published,active,
,"Paganini – Larghetto in A Major (Ghiribizzi No. 22, MS 43)",,in stock,new,$1.99,https://www.sheetmusicdirect.com/se/ID_No/1910465/Product.aspx,img/mp3-placeholder.png,Brian Streckfus Productions,Magazines & Catalogs,Sheet Music > Guitar > TAB,published,active,
,Pachelbel's Canon in D — Classical Guitar Arrangement,,in stock,new,$1.99,https://www.sheetmusicdirect.com/se/ID_No/1910463/Product.aspx,img/mp3-placeholder.png,Brian Streckfus Productions,Magazines & Catalogs,Sheet Music > Guitar > TAB,published,active,
,Meditative D Major (Ionian) Backing Track in the Style of Satie | Minimalist French Impressionism,,in stock,new,$1.99,https://www.sheetmusicdirect.com/se/ID_No/1910461/Product.aspx,img/mp3-placeholder.png,Brian Streckfus Productions,Magazines & Catalogs,Sheet Music > Guitar > TAB,published,active,
,Mauro Giuliani - Prelude No. 4 Op. 83,,in stock,new,$1.99,https://www.sheetmusicdirect.com/se/ID_No/1910460/Product.aspx,img/mp3-placeholder.png,Brian Streckfus Productions,Magazines & Catalogs,Sheet Music > Guitar > TAB,published,active,
,Marieta (Mazurka) – Francisco Tárrega | Classical Guitar,,in stock,new,$1.99,https://www.sheetmusicdirect.com/se/ID_No/1910459/Product.aspx,img/mp3-placeholder.png,Brian Streckfus Productions,Magazines & Catalogs,Sheet Music > Guitar > TAB,published,active,
,La Canción del Emperador (Mille Regretz) — Luis de Narváez,,in stock,new,$1.99,https://www.sheetmusicdirect.com/se/ID_No/1910458/Product.aspx,img/mp3-placeholder.png,Brian Streckfus Productions,Magazines & Catalogs,Sheet Music > Guitar > TAB,published,active,
,Gran Vals - Francisco Tárrega (Nokia Tune),,in stock,new,$1.99,https://www.sheetmusicdirect.com/se/ID_No/1910457/Product.aspx,img/mp3-placeholder.png,Brian Streckfus Productions,Magazines & Catalogs,Sheet Music > Guitar > TAB,published,active,
,Gnossienne No. 3 arranged for Guitar – Erik Satie,,in stock,new,$1.99,https://www.sheetmusicdirect.com/se/ID_No/1910456/Product.aspx,img/mp3-placeholder.png,Brian Streckfus Productions,Magazines & Catalogs,Sheet Music > Guitar > TAB,published,active,
,Gnossienne No. 1 for Guitar – Erik Satie,,in stock,new,$1.99,https://www.sheetmusicdirect.com/se/ID_No/1910454/Product.aspx,img/mp3-placeholder.png,Brian Streckfus Productions,Magazines & Catalogs,Sheet Music > Guitar > TAB,published,active,
,Giuliani Fugue for Guitar - Fughetta per Chitarra - Opus 113,,in stock,new,$1.99,https://www.sheetmusicdirect.com/se/ID_No/1910453/Product.aspx,img/mp3-placeholder.png,Brian Streckfus Productions,Magazines & Catalogs,Sheet Music > Guitar > TAB,published,active,
,G minor Pentatonic Backing Track | Ambient Asian Exotic,,in stock,new,$1.99,https://www.sheetmusicdirect.com/se/ID_No/1910451/Product.aspx,img/mp3-placeholder.png,Brian Streckfus Productions,Magazines & Catalogs,Sheet Music > Guitar > TAB,published,active,
,G Minor / B♭ Major — Upbeat Jazz Backing Track (Happy & Bright),,in stock,new,$1.99,https://www.sheetmusicdirect.com/se/ID_No/1910450/Product.aspx,img/mp3-placeholder.png,Brian Streckfus Productions,Magazines & Catalogs,Sheet Music > Guitar > TAB,published,active,
,Francisco Tárrega – Prelude No. 1 in D Minor | Classical Guitar,,in stock,new,$1.99,https://www.sheetmusicdirect.com/se/ID_No/1910369/Product.aspx,img/mp3-placeholder.png,Brian Streckfus Productions,Magazines & Catalogs,Sheet Music > Guitar > TAB,published,active,
,G Harmonic minor Backing Track | Indian Persian Raga World Multicultural,,in stock,new,$1.99,https://www.sheetmusicdirect.com/se/ID_No/1910368/Product.aspx,img/mp3-placeholder.png,Brian Streckfus Productions,Magazines & Catalogs,Sheet Music > Guitar > TAB,published,active,
,"Fernando Sor – Study No. 1 in C Major, Op. 6 No. 8 – Classical Guitar",,in stock,new,$1.99,https://www.sheetmusicdirect.com/se/ID_No/1910365/Product.aspx,img/mp3-placeholder.png,Brian Streckfus Productions,Magazines & Catalogs,Sheet Music > Guitar > TAB,published,active,
,Fernando Sor – Study 5 in B Minor (Op. 35 No. 22) • Classical Guitar,,in stock,new,$1.99,https://www.sheetmusicdirect.com/se/ID_No/1910361/Product.aspx,img/mp3-placeholder.png,Brian Streckfus Productions,Magazines & Catalogs,Sheet Music > Guitar > TAB,published,active,
,E Minor - E Harmonic Minor Backing Track – Ambient Electronic Improv,,in stock,new,$1.99,https://www.sheetmusicdirect.com/se/ID_No/1910354/Product.aspx,img/mp3-placeholder.png,Brian Streckfus Productions,Magazines & Catalogs,Sheet Music > Guitar > TAB,published,active,
,D Dorian Backing Track Jam with Scale Chart,,in stock,new,$1.99,https://www.sheetmusicdirect.com/se/ID_No/1910341/Product.aspx,img/mp3-placeholder.png,Brian Streckfus Productions,Magazines & Catalogs,Sheet Music > Guitar > TAB,published,active,
,"Couperin – Les Vieux Seigneurs ""The Old Lords"" Classical Guitar Duo",,in stock,new,$1.99,https://www.sheetmusicdirect.com/se/ID_No/1910336/Product.aspx,img/mp3-placeholder.png,Brian Streckfus Productions,Magazines & Catalogs,Sheet Music > Guitar > TAB,published,active,
,La Dangereuse – François Couperin – Guitar Duo Recording,,in stock,new,$1.99,https://www.sheetmusicdirect.com/se/ID_No/1910282/Product.aspx,img/mp3-placeholder.png,Brian Streckfus Productions,Magazines & Catalogs,Sheet Music > Guitar > TAB,published,active,
,Classical turned Heavy Metal! Waltz No. 2 Op. 69,,in stock,new,$1.99,https://www.sheetmusicdirect.com/se/ID_No/1910251/Product.aspx,img/mp3-placeholder.png,Brian Streckfus Productions,Magazines & Catalogs,Sheet Music > Guitar > TAB,published,active,
,Chopin Waltz No 3 Op 34 No 2 for Guitar,,in stock,new,$1.99,https://www.sheetmusicdirect.com/se/ID_No/1910244/Product.aspx,img/mp3-placeholder.png,Brian Streckfus Productions,Magazines & Catalogs,Sheet Music > Guitar > TAB,published,active,
,Carcassi Etude 9 op 60 – Classical Guitar,,in stock,new,$1.99,https://www.sheetmusicdirect.com/se/ID_No/1910225/Product.aspx,img/mp3-placeholder.png,Brian Streckfus Productions,Magazines & Catalogs,Sheet Music > Guitar > TAB,published,active,
,"Carcassi Etude No. 7 in A Minor, Op. 60 — Classical Guitar",,in stock,new,$1.99,https://www.sheetmusicdirect.com/se/ID_No/1910220/Product.aspx,img/mp3-placeholder.png,Brian Streckfus Productions,Magazines & Catalogs,Sheet Music > Guitar > TAB,published,active,
,Carcassi Etude 3 Op 60 – Classical Guitar,,in stock,new,$1.99,https://www.sheetmusicdirect.com/se/ID_No/1910214/Product.aspx,img/mp3-placeholder.png,Brian Streckfus Productions,Magazines & Catalogs,Sheet Music > Guitar > TAB,published,active,
,Carcassi Etude 2 op 60 – Classical Guitar,,in stock,new,$1.99,https://www.sheetmusicdirect.com/se/ID_No/1910210/Product.aspx,img/mp3-placeholder.png,Brian Streckfus Productions,Magazines & Catalogs,Sheet Music > Guitar > TAB,published,active,
,Carcassi Etude 1 op 60,,in stock,new,$1.99,https://www.sheetmusicdirect.com/se/ID_No/1910206/Product.aspx,img/mp3-placeholder.png,Brian Streckfus Productions,Magazines & Catalogs,Sheet Music > Guitar > TAB,published,active,
,C Whole Tone Ambient Creepy Jam Backing Track,,in stock,new,$1.99,https://www.sheetmusicdirect.com/se/ID_No/1910195/Product.aspx,img/mp3-placeholder.png,Brian Streckfus Productions,Magazines & Catalogs,Sheet Music > Guitar > TAB,published,active,
,"Bach Cello Suite No. 3 – Bourrée II, BWV 1009 for Classical Guitar",,in stock,new,$1.99,https://www.sheetmusicdirect.com/se/ID_No/1910187/Product.aspx,img/mp3-placeholder.png,Brian Streckfus Productions,Magazines & Catalogs,Sheet Music > Guitar > TAB,published,active,
,Bach Cello Suite 3 Prelude for Classical Guitar BWV 1009,,in stock,new,$1.99,https://www.sheetmusicdirect.com/se/ID_No/1910183/Product.aspx,img/mp3-placeholder.png,Brian Streckfus Productions,Magazines & Catalogs,Sheet Music > Guitar > TAB,published,active,
,Bach Cello Suite 3 - Courante BWV 1009 C Major for Classical Guitar,,in stock,new,$1.99,https://www.sheetmusicdirect.com/se/ID_No/1910176/Product.aspx,img/mp3-placeholder.png,Brian Streckfus Productions,Magazines & Catalogs,Sheet Music > Guitar > TAB,published,active,
,E minor Jazz Backing Track ( 120 BPM swing) | Autumn Leaves Style,,in stock,new,$1.99,https://www.sheetmusicdirect.com/se/ID_No/1910165/Product.aspx,img/mp3-placeholder.png,Brian Streckfus Productions,Magazines & Catalogs,Sheet Music > Guitar > TAB,published,active,
,Adelita,,in stock,new,$1.99,https://www.sheetmusicdirect.com/se/ID_No/1910157/Product.aspx,img/mp3-placeholder.png,Brian Streckfus Productions,Magazines & Catalogs,Sheet Music > Guitar > TAB,published,active,
,A minor aeolian Backing Track 120 BPM,,in stock,new,$1.99,https://www.sheetmusicdirect.com/se/ID_No/1910146/Product.aspx,img/mp3-placeholder.png,Brian Streckfus Productions,Magazines & Catalogs,Sheet Music > Guitar > TAB,published,active,
,F Lydian Backing Track,,in stock,new,$1.99,https://www.sheetmusicdirect.com/se/ID_No/1906019/Product.aspx,img/mp3-placeholder.png,Brian Streckfus Productions,Magazines & Catalogs,Sheet Music > Guitar > TAB,published,active,
,G Major / E minor / D Mixolydian | Backing Track – Country,,in stock,new,$1.99,https://www.sheetmusicdirect.com/se/ID_No/1874387/Product.aspx,img/mp3-placeholder.png,Brian Streckfus Productions,Magazines & Catalogs,Sheet Music > Guitar > TAB,published,active,
,F minor / Ab Major | Backing Track - Bossa Nova Jazz,,in stock,new,$1.99,https://www.sheetmusicdirect.com/se/ID_No/1874921/Product.aspx,img/mp3-placeholder.png,Brian Streckfus Productions,Magazines & Catalogs,Sheet Music > Guitar > TAB,published,active,
,B minor / D Major Backing Track | Synthwave Electronic Music,,in stock,new,$1.99,https://www.sheetmusicdirect.com/se/ID_No/1874273/Product.aspx,img/mp3-placeholder.png,Brian Streckfus Productions,Magazines & Catalogs,Sheet Music > Guitar > TAB,published,active,
